decade,year,result,director,movie,category,rating,movie url,director url
Década de 2020,2025,Ganador,Brady Corbet,The Brutalist,produccion,"7,4",https://www.imdb.com/title/tt8999762/,https://www.imdb.com/es-es/name/nm1227232/
Década de 2020,2025,Ganador,Brady Corbet,The Brutalist,direccion,"7,4",https://www.imdb.com/title/tt8999762/,https://www.imdb.com/es-es/name/nm1227232/
Década de 2020,2025,Nominee,Jacques Audiard,Emilia Pérez,guion,"5,4",https://www.imdb.com/title/tt20221436/,https://www.imdb.com/es-es/name/nm0002191/
Década de 2020,2025,Nominee,Jacques Audiard,Emilia Pérez,direccion,"5,4",https://www.imdb.com/title/tt20221436/,https://www.imdb.com/es-es/name/nm0002191/
Década de 2020,2025,Nominee,Jacques Audiard,Emilia Pérez,produccion,"5,4",https://www.imdb.com/title/tt20221436/,https://www.imdb.com/es-es/name/nm0002191/
Década de 2020,2025,Nominee,Sean Baker,Anora,guion,"7,5",https://www.imdb.com/title/tt28607951/,https://www.imdb.com/es-es/name/nm0048918/
Década de 2020,2025,Nominee,Sean Baker,Anora,produccion,"7,5",https://www.imdb.com/title/tt28607951/,https://www.imdb.com/es-es/name/nm0048918/
Década de 2020,2025,Nominee,Sean Baker,Anora,direccion,"7,5",https://www.imdb.com/title/tt28607951/,https://www.imdb.com/es-es/name/nm0048918/
Década de 2020,2025,Nominee,Edward Berger,Cónclave,direccion,"7,4",https://www.imdb.com/title/tt20215234/,https://www.imdb.com/es-es/name/nm0074163/
Década de 2020,2025,Nominee,Edward Berger,Cónclave,produccion,"7,4",https://www.imdb.com/title/tt20215234/,https://www.imdb.com/es-es/name/nm0074163/
Década de 2020,2025,Nominee,Coralie Fargeat,La sustancia,guion,"7,3",https://www.imdb.com/title/tt17526714/,https://www.imdb.com/es-es/name/nm0267287/
Década de 2020,2025,Nominee,Coralie Fargeat,La sustancia,direccion,"7,3",https://www.imdb.com/title/tt17526714/,https://www.imdb.com/es-es/name/nm0267287/
Década de 2020,2025,Nominee,Payal Kapadia,La luz que imaginamos,direccion,"7,1",https://www.imdb.com/title/tt32086077/,https://www.imdb.com/es-es/name/nm10339953/
Década de 2020,2025,Nominee,Payal Kapadia,La luz que imaginamos,guion,"7,1",https://www.imdb.com/title/tt32086077/,https://www.imdb.com/es-es/name/nm10339953/
Década de 2020,2024,Ganador,Christopher Nolan,Oppenheimer,guion,"8,3",https://www.imdb.com/title/tt15398776/,https://www.imdb.com/es-es/name/nm0634240/
Década de 2020,2024,Ganador,Christopher Nolan,Oppenheimer,produccion,"8,3",https://www.imdb.com/title/tt15398776/,https://www.imdb.com/es-es/name/nm0634240/
Década de 2020,2024,Ganador,Christopher Nolan,Oppenheimer,direccion,"8,3",https://www.imdb.com/title/tt15398776/,https://www.imdb.com/es-es/name/nm0634240/
Década de 2020,2024,Nominee,Bradley Cooper,Maestro,reparto,"6,5",https://www.imdb.com/title/tt5535276/,https://www.imdb.com/es-es/name/nm0177896/
Década de 2020,2024,Nominee,Bradley Cooper,Maestro,produccion,"6,5",https://www.imdb.com/title/tt5535276/,https://www.imdb.com/es-es/name/nm0177896/
Década de 2020,2024,Nominee,Bradley Cooper,Maestro,direccion,"6,5",https://www.imdb.com/title/tt5535276/,https://www.imdb.com/es-es/name/nm0177896/
Década de 2020,2024,Nominee,Celine Song,Vidas pasadas,guion,"7,8",https://www.imdb.com/title/tt13238346/,https://www.imdb.com/es-es/name/nm10227660/
Década de 2020,2024,Nominee,Celine Song,Vidas pasadas,direccion,"7,8",https://www.imdb.com/title/tt13238346/,https://www.imdb.com/es-es/name/nm10227660/
Década de 2020,2024,Nominee,Celine Song,Vidas pasadas,produccion,"7,8",https://www.imdb.com/title/tt13238346/,https://www.imdb.com/es-es/name/nm10227660/
Década de 2020,2024,Nominee,Greta Gerwig,Barbie,guion,"6,8",https://www.imdb.com/title/tt1517268/,https://www.imdb.com/es-es/name/nm1950086/
Década de 2020,2024,Nominee,Greta Gerwig,Barbie,direccion,"6,8",https://www.imdb.com/title/tt1517268/,https://www.imdb.com/es-es/name/nm1950086/
Década de 2020,2024,Nominee,Martin Scorsese,Los asesinos de la luna,produccion,"7,6",https://www.imdb.com/title/tt5537002/,https://www.imdb.com/es-es/name/nm0000217/
Década de 2020,2024,Nominee,Martin Scorsese,Los asesinos de la luna,direccion,"7,6",https://www.imdb.com/title/tt5537002/,https://www.imdb.com/es-es/name/nm0000217/
Década de 2020,2024,Nominee,Martin Scorsese,Los asesinos de la luna,reparto,"7,6",https://www.imdb.com/title/tt5537002/,https://www.imdb.com/es-es/name/nm0000217/
Década de 2020,2024,Nominee,Yorgos Lanthimos,Pobres criaturas,direccion,"7,8",https://www.imdb.com/title/tt14230458/,https://www.imdb.com/es-es/name/nm0487166/
Década de 2020,2024,Nominee,Yorgos Lanthimos,Pobres criaturas,produccion,"7,8",https://www.imdb.com/title/tt14230458/,https://www.imdb.com/es-es/name/nm0487166/
Década de 2020,2023,Ganador,Steven Spielberg,Los Fabelman,guion,"7,5",https://www.imdb.com/title/tt14208870/,https://www.imdb.com/es-es/name/nm0000229/
Década de 2020,2023,Ganador,Steven Spielberg,Los Fabelman,direccion,"7,5",https://www.imdb.com/title/tt14208870/,https://www.imdb.com/es-es/name/nm0000229/
Década de 2020,2023,Nominee,James Cameron,Avatar: El sentido del agua,guion,"7,5",https://www.imdb.com/title/tt1630029/,https://www.imdb.com/es-es/name/nm0000116/
Década de 2020,2023,Nominee,James Cameron,Avatar: El sentido del agua,produccion,"7,5",https://www.imdb.com/title/tt1630029/,https://www.imdb.com/es-es/name/nm0000116/
Década de 2020,2023,Nominee,James Cameron,Avatar: El sentido del agua,direccion,"7,5",https://www.imdb.com/title/tt1630029/,https://www.imdb.com/es-es/name/nm0000116/
Década de 2020,2023,Nominee,Daniel Kwan,Todo a la vez en todas partes,direccion,"7,8",https://www.imdb.com/title/tt6710474/,https://www.imdb.com/es-es/name/nm3453283/
Década de 2020,2023,Nominee,Daniel Kwan,Todo a la vez en todas partes,guion,"7,8",https://www.imdb.com/title/tt6710474/,https://www.imdb.com/es-es/name/nm3453283/
Década de 2020,2023,Nominee,Baz Luhrmann,Elvis,guion,"7,3",https://www.imdb.com/title/tt3704428/,https://www.imdb.com/es-es/name/nm0525303/
Década de 2020,2023,Nominee,Baz Luhrmann,Elvis,produccion,"7,3",https://www.imdb.com/title/tt3704428/,https://www.imdb.com/es-es/name/nm0525303/
Década de 2020,2023,Nominee,Baz Luhrmann,Elvis,direccion,"7,3",https://www.imdb.com/title/tt3704428/,https://www.imdb.com/es-es/name/nm0525303/
Década de 2020,2023,Nominee,Martin McDonagh,Almas en pena de Inisherin,guion,"7,7",https://www.imdb.com/title/tt11813216/,https://www.imdb.com/es-es/name/nm1732981/
Década de 2020,2023,Nominee,Martin McDonagh,Almas en pena de Inisherin,direccion,"7,7",https://www.imdb.com/title/tt11813216/,https://www.imdb.com/es-es/name/nm1732981/
Década de 2020,2023,Nominee,Martin McDonagh,Almas en pena de Inisherin,produccion,"7,7",https://www.imdb.com/title/tt11813216/,https://www.imdb.com/es-es/name/nm1732981/
Década de 2020,2022,Ganador,Jane Campion,El poder del perro,guion,"6,8",https://www.imdb.com/title/tt10293406/,https://www.imdb.com/es-es/name/nm0001005/
Década de 2020,2022,Ganador,Jane Campion,El poder del perro,direccion,"6,8",https://www.imdb.com/title/tt10293406/,https://www.imdb.com/es-es/name/nm0001005/
Década de 2020,2022,Ganador,Jane Campion,El poder del perro,produccion,"6,8",https://www.imdb.com/title/tt10293406/,https://www.imdb.com/es-es/name/nm0001005/
Década de 2020,2022,Nominee,Kenneth Branagh,Belfast,produccion,"7,2",https://www.imdb.com/title/tt12789558/,https://www.imdb.com/es-es/name/nm0000110/
Década de 2020,2022,Nominee,Kenneth Branagh,Belfast,direccion,"7,2",https://www.imdb.com/title/tt12789558/,https://www.imdb.com/es-es/name/nm0000110/
Década de 2020,2022,Nominee,Maggie Gyllenhaal,La hija oscura,produccion,"6,7",https://www.imdb.com/title/tt9100054/,https://www.imdb.com/es-es/name/nm0350454/
Década de 2020,2022,Nominee,Maggie Gyllenhaal,La hija oscura,direccion,"6,7",https://www.imdb.com/title/tt9100054/,https://www.imdb.com/es-es/name/nm0350454/
Década de 2020,2022,Nominee,Steven Spielberg,West Side Story,direccion,"7,1",https://www.imdb.com/title/tt3581652/,https://www.imdb.com/es-es/name/nm0000229/
Década de 2020,2022,Nominee,Denis Villeneuve,Dune,direccion,"8,0",https://www.imdb.com/title/tt1160419/,https://www.imdb.com/es-es/name/nm0898288/
Década de 2020,2022,Nominee,Denis Villeneuve,Dune,guion,"8,0",https://www.imdb.com/title/tt1160419/,https://www.imdb.com/es-es/name/nm0898288/
Década de 2020,2022,Nominee,Denis Villeneuve,Dune,produccion,"8,0",https://www.imdb.com/title/tt1160419/,https://www.imdb.com/es-es/name/nm0898288/
Década de 2020,2021,Ganador,Chloé Zhao,Nomadland,direccion,"7,3",https://www.imdb.com/title/tt9770150/,https://www.imdb.com/es-es/name/nm2125482/
Década de 2020,2021,Ganador,Chloé Zhao,Nomadland,produccion,"7,3",https://www.imdb.com/title/tt9770150/,https://www.imdb.com/es-es/name/nm2125482/
Década de 2020,2021,Ganador,Chloé Zhao,Nomadland,guion,"7,3",https://www.imdb.com/title/tt9770150/,https://www.imdb.com/es-es/name/nm2125482/
Década de 2020,2021,Nominee,Aaron Sorkin,El juicio de los 7 de Chicago,guion,"7,7",https://www.imdb.com/title/tt1070874/,https://www.imdb.com/es-es/name/nm0815070/
Década de 2020,2021,Nominee,David Fincher,Mank,direccion,"6,8",https://www.imdb.com/title/tt10618286/,https://www.imdb.com/es-es/name/nm0000399/
Década de 2020,2021,Nominee,Regina King,Una noche en Miami...,direccion,"7,1",https://www.imdb.com/title/tt10612922/,https://www.imdb.com/es-es/name/nm0005093/
Década de 2020,2021,Nominee,Regina King,Una noche en Miami...,produccion,"7,1",https://www.imdb.com/title/tt10612922/,https://www.imdb.com/es-es/name/nm0005093/
Década de 2020,2021,Nominee,Emerald Fennell,Una joven prometedora,guion,"7,5",https://www.imdb.com/title/tt9620292/,https://www.imdb.com/es-es/name/nm2193504/
Década de 2020,2021,Nominee,Emerald Fennell,Una joven prometedora,direccion,"7,5",https://www.imdb.com/title/tt9620292/,https://www.imdb.com/es-es/name/nm2193504/
Década de 2020,2021,Nominee,Emerald Fennell,Una joven prometedora,produccion,"7,5",https://www.imdb.com/title/tt9620292/,https://www.imdb.com/es-es/name/nm2193504/
Década de 2020,2020,Ganador,Sam Mendes,1917,produccion,"8,2",https://www.imdb.com/title/tt8579674/,https://www.imdb.com/es-es/name/nm0005222/
Década de 2020,2020,Ganador,Sam Mendes,1917,direccion,"8,2",https://www.imdb.com/title/tt8579674/,https://www.imdb.com/es-es/name/nm0005222/
Década de 2020,2020,Nominee,Martin Scorsese,El irlandés,direccion,"7,8",https://www.imdb.com/title/tt1302006/,https://www.imdb.com/es-es/name/nm0000217/
Década de 2020,2020,Nominee,Quentin Tarantino,Érase una vez en... Hollywood,guion,"7,6",https://www.imdb.com/title/tt7131622/,https://www.imdb.com/es-es/name/nm0000233/
Década de 2020,2020,Nominee,Quentin Tarantino,Érase una vez en... Hollywood,produccion,"7,6",https://www.imdb.com/title/tt7131622/,https://www.imdb.com/es-es/name/nm0000233/
Década de 2020,2020,Nominee,Quentin Tarantino,Érase una vez en... Hollywood,reparto,"7,6",https://www.imdb.com/title/tt7131622/,https://www.imdb.com/es-es/name/nm0000233/
Década de 2020,2020,Nominee,Bong Joon Ho,Parásitos,guion,"8,5",https://www.imdb.com/title/tt6751668/,https://www.imdb.com/es-es/name/nm0094435/
Década de 2020,2020,Nominee,Bong Joon Ho,Parásitos,produccion,"8,5",https://www.imdb.com/title/tt6751668/,https://www.imdb.com/es-es/name/nm0094435/
Década de 2020,2020,Nominee,Bong Joon Ho,Parásitos,direccion,"8,5",https://www.imdb.com/title/tt6751668/,https://www.imdb.com/es-es/name/nm0094435/
Década de 2020,2020,Nominee,Todd Phillips,Joker,produccion,"8,3",https://www.imdb.com/title/tt7286456/,https://www.imdb.com/es-es/name/nm0680846/
Década de 2020,2020,Nominee,Todd Phillips,Joker,direccion,"8,3",https://www.imdb.com/title/tt7286456/,https://www.imdb.com/es-es/name/nm0680846/
Década de 2020,2020,Nominee,Todd Phillips,Joker,guion,"8,3",https://www.imdb.com/title/tt7286456/,https://www.imdb.com/es-es/name/nm0680846/
Década de 2010,2019,Ganador,Alfonso Cuarón,Roma,guion,"7,6",https://www.imdb.com/title/tt6155172/,https://www.imdb.com/es-es/name/nm0190859/
Década de 2010,2019,Ganador,Alfonso Cuarón,Roma,produccion,"7,6",https://www.imdb.com/title/tt6155172/,https://www.imdb.com/es-es/name/nm0190859/
Década de 2010,2019,Ganador,Alfonso Cuarón,Roma,direccion,"7,6",https://www.imdb.com/title/tt6155172/,https://www.imdb.com/es-es/name/nm0190859/
Década de 2010,2019,Nominee,Bradley Cooper,Ha nacido una estrella,reparto,"7,6",https://www.imdb.com/title/tt1517451/,https://www.imdb.com/es-es/name/nm0177896/
Década de 2010,2019,Nominee,Bradley Cooper,Ha nacido una estrella,produccion,"7,6",https://www.imdb.com/title/tt1517451/,https://www.imdb.com/es-es/name/nm0177896/
Década de 2010,2019,Nominee,Bradley Cooper,Ha nacido una estrella,direccion,"7,6",https://www.imdb.com/title/tt1517451/,https://www.imdb.com/es-es/name/nm0177896/
Década de 2010,2019,Nominee,Adam McKay,El vicio del poder,guion,"7,2",https://www.imdb.com/title/tt6266538/,https://www.imdb.com/es-es/name/nm0570912/
Década de 2010,2019,Nominee,Adam McKay,El vicio del poder,direccion,"7,2",https://www.imdb.com/title/tt6266538/,https://www.imdb.com/es-es/name/nm0570912/
Década de 2010,2019,Nominee,Peter Farrelly,Green Book,produccion,"8,2",https://www.imdb.com/title/tt6966692/,https://www.imdb.com/es-es/name/nm0268380/
Década de 2010,2019,Nominee,Peter Farrelly,Green Book,guion,"8,2",https://www.imdb.com/title/tt6966692/,https://www.imdb.com/es-es/name/nm0268380/
Década de 2010,2019,Nominee,Peter Farrelly,Green Book,direccion,"8,2",https://www.imdb.com/title/tt6966692/,https://www.imdb.com/es-es/name/nm0268380/
Década de 2010,2019,Nominee,Spike Lee,Infiltrado en el KKKlan,direccion,"7,5",https://www.imdb.com/title/tt7349662/,https://www.imdb.com/es-es/name/nm0000490/
Década de 2010,2019,Nominee,Spike Lee,Infiltrado en el KKKlan,guion,"7,5",https://www.imdb.com/title/tt7349662/,https://www.imdb.com/es-es/name/nm0000490/
Década de 2010,2018,Ganador,Guillermo del Toro,La forma del agua,guion,"7,3",https://www.imdb.com/title/tt5580390/,https://www.imdb.com/es-es/name/nm0868219/
Década de 2010,2018,Ganador,Guillermo del Toro,La forma del agua,produccion,"7,3",https://www.imdb.com/title/tt5580390/,https://www.imdb.com/es-es/name/nm0868219/
Década de 2010,2018,Ganador,Guillermo del Toro,La forma del agua,direccion,"7,3",https://www.imdb.com/title/tt5580390/,https://www.imdb.com/es-es/name/nm0868219/
Década de 2010,2018,Nominee,Christopher Nolan,Dunkerque,guion,"7,8",https://www.imdb.com/title/tt5013056/,https://www.imdb.com/es-es/name/nm0634240/
Década de 2010,2018,Nominee,Christopher Nolan,Dunkerque,produccion,"7,8",https://www.imdb.com/title/tt5013056/,https://www.imdb.com/es-es/name/nm0634240/
Década de 2010,2018,Nominee,Christopher Nolan,Dunkerque,direccion,"7,8",https://www.imdb.com/title/tt5013056/,https://www.imdb.com/es-es/name/nm0634240/
Década de 2010,2018,Nominee,Martin McDonagh,Tres anuncios en las afueras,guion,"8,1",https://www.imdb.com/title/tt5027774/,https://www.imdb.com/es-es/name/nm1732981/
Década de 2010,2018,Nominee,Martin McDonagh,Tres anuncios en las afueras,direccion,"8,1",https://www.imdb.com/title/tt5027774/,https://www.imdb.com/es-es/name/nm1732981/
Década de 2010,2018,Nominee,Martin McDonagh,Tres anuncios en las afueras,produccion,"8,1",https://www.imdb.com/title/tt5027774/,https://www.imdb.com/es-es/name/nm1732981/
Década de 2010,2018,Nominee,Steven Spielberg,Los archivos del Pentágono,direccion,"7,2",https://www.imdb.com/title/tt6294822/,https://www.imdb.com/es-es/name/nm0000229/
Década de 2010,2018,Nominee,Ridley Scott,Todo el dinero del mundo,direccion,"6,8",https://www.imdb.com/title/tt5294550/,https://www.imdb.com/es-es/name/nm0000631/
Década de 2010,2017,Ganador,Damien Chazelle,La ciudad de las estrellas. La La Land,direccion,"8,0",https://www.imdb.com/title/tt3783958/,https://www.imdb.com/es-es/name/nm3227090/
Década de 2010,2017,Ganador,Damien Chazelle,La ciudad de las estrellas. La La Land,guion,"8,0",https://www.imdb.com/title/tt3783958/,https://www.imdb.com/es-es/name/nm3227090/
Década de 2010,2017,Nominee,Tom Ford,Animales nocturnos,direccion,"7,4",https://www.imdb.com/title/tt4550098/,https://www.imdb.com/es-es/name/nm1053530/
Década de 2010,2017,Nominee,Tom Ford,Animales nocturnos,guion,"7,4",https://www.imdb.com/title/tt4550098/,https://www.imdb.com/es-es/name/nm1053530/
Década de 2010,2017,Nominee,Tom Ford,Animales nocturnos,produccion,"7,4",https://www.imdb.com/title/tt4550098/,https://www.imdb.com/es-es/name/nm1053530/
Década de 2010,2017,Nominee,Mel Gibson,Hasta el último hombre (Hacksaw Ridge),direccion,"8,1",https://www.imdb.com/title/tt2119532/,https://www.imdb.com/es-es/name/nm0000154/
Década de 2010,2017,Nominee,Barry Jenkins,Moonlight,direccion,"7,4",https://www.imdb.com/title/tt4975722/,https://www.imdb.com/es-es/name/nm1503575/
Década de 2010,2017,Nominee,Barry Jenkins,Moonlight,guion,"7,4",https://www.imdb.com/title/tt4975722/,https://www.imdb.com/es-es/name/nm1503575/
Década de 2010,2017,Nominee,Kenneth Lonergan,Manchester frente al mar,guion,"7,8",https://www.imdb.com/title/tt4034228/,https://www.imdb.com/es-es/name/nm0518836/
Década de 2010,2017,Nominee,Kenneth Lonergan,Manchester frente al mar,reparto,"7,8",https://www.imdb.com/title/tt4034228/,https://www.imdb.com/es-es/name/nm0518836/
Década de 2010,2017,Nominee,Kenneth Lonergan,Manchester frente al mar,direccion,"7,8",https://www.imdb.com/title/tt4034228/,https://www.imdb.com/es-es/name/nm0518836/
Década de 2010,2016,Ganador,Alejandro G. Iñárritu,El renacido (The Revenant),direccion,"8,0",https://www.imdb.com/title/tt1663202/,https://www.imdb.com/es-es/name/nm0327944/
Década de 2010,2016,Ganador,Alejandro G. Iñárritu,El renacido (The Revenant),produccion,"8,0",https://www.imdb.com/title/tt1663202/,https://www.imdb.com/es-es/name/nm0327944/
Década de 2010,2016,Ganador,Alejandro G. Iñárritu,El renacido (The Revenant),guion,"8,0",https://www.imdb.com/title/tt1663202/,https://www.imdb.com/es-es/name/nm0327944/
Década de 2010,2016,Nominee,Todd Haynes,Carol,direccion,"7,3",https://www.imdb.com/title/tt2402927/,https://www.imdb.com/es-es/name/nm0001331/
Década de 2010,2016,Nominee,George Miller,Mad Max: Furia en la carretera,produccion,"8,1",https://www.imdb.com/title/tt1392190/,https://www.imdb.com/es-es/name/nm0004306/
Década de 2010,2016,Nominee,George Miller,Mad Max: Furia en la carretera,guion,"8,1",https://www.imdb.com/title/tt1392190/,https://www.imdb.com/es-es/name/nm0004306/
Década de 2010,2016,Nominee,George Miller,Mad Max: Furia en la carretera,direccion,"8,1",https://www.imdb.com/title/tt1392190/,https://www.imdb.com/es-es/name/nm0004306/
Década de 2010,2016,Nominee,Tom McCarthy,Spotlight,guion,"8,1",https://www.imdb.com/title/tt1895587/,https://www.imdb.com/es-es/name/nm0565336/
Década de 2010,2016,Nominee,Ridley Scott,Marte (The Martian),direccion,"8,0",https://www.imdb.com/title/tt3659388/,https://www.imdb.com/es-es/name/nm0000631/
Década de 2010,2015,Ganador,Richard Linklater,Boyhood. Momentos de una vida,produccion,"7,9",https://www.imdb.com/title/tt1065073/,https://www.imdb.com/es-es/name/nm0000500/
Década de 2010,2015,Ganador,Richard Linklater,Boyhood. Momentos de una vida,direccion,"7,9",https://www.imdb.com/title/tt1065073/,https://www.imdb.com/es-es/name/nm0000500/
Década de 2010,2015,Ganador,Richard Linklater,Boyhood. Momentos de una vida,guion,"7,9",https://www.imdb.com/title/tt1065073/,https://www.imdb.com/es-es/name/nm0000500/
Década de 2010,2015,Nominee,Wes Anderson,El gran hotel Budapest,direccion,"8,1",https://www.imdb.com/title/tt2278388/,https://www.imdb.com/es-es/name/nm0027572/
Década de 2010,2015,Nominee,Wes Anderson,El gran hotel Budapest,guion,"8,1",https://www.imdb.com/title/tt2278388/,https://www.imdb.com/es-es/name/nm0027572/
Década de 2010,2015,Nominee,Wes Anderson,El gran hotel Budapest,produccion,"8,1",https://www.imdb.com/title/tt2278388/,https://www.imdb.com/es-es/name/nm0027572/
Década de 2010,2015,Nominee,David Fincher,Perdida,direccion,"8,1",https://www.imdb.com/title/tt2267998/,https://www.imdb.com/es-es/name/nm0000399/
Década de 2010,2015,Nominee,Alejandro G. Iñárritu,Birdman o (La inesperada virtud de la ignorancia),direccion,"7,7",https://www.imdb.com/title/tt2562232/,https://www.imdb.com/es-es/name/nm0327944/
Década de 2010,2015,Nominee,Alejandro G. Iñárritu,Birdman o (La inesperada virtud de la ignorancia),produccion,"7,7",https://www.imdb.com/title/tt2562232/,https://www.imdb.com/es-es/name/nm0327944/
Década de 2010,2015,Nominee,Alejandro G. Iñárritu,Birdman o (La inesperada virtud de la ignorancia),guion,"7,7",https://www.imdb.com/title/tt2562232/,https://www.imdb.com/es-es/name/nm0327944/
Década de 2010,2014,Ganador,Alfonso Cuarón,Gravity,guion,"7,7",https://www.imdb.com/title/tt1454468/,https://www.imdb.com/es-es/name/nm0190859/
Década de 2010,2014,Ganador,Alfonso Cuarón,Gravity,produccion,"7,7",https://www.imdb.com/title/tt1454468/,https://www.imdb.com/es-es/name/nm0190859/
Década de 2010,2014,Ganador,Alfonso Cuarón,Gravity,direccion,"7,7",https://www.imdb.com/title/tt1454468/,https://www.imdb.com/es-es/name/nm0190859/
Década de 2010,2014,Nominee,Steve McQueen,12 años de esclavitud,direccion,"8,1",https://www.imdb.com/title/tt2024544/,https://www.imdb.com/es-es/name/nm2588606/
Década de 2010,2014,Nominee,Steve McQueen,12 años de esclavitud,produccion,"8,1",https://www.imdb.com/title/tt2024544/,https://www.imdb.com/es-es/name/nm2588606/
Década de 2010,2014,Nominee,David O. Russell,La gran estafa americana,direccion,"7,2",https://www.imdb.com/title/tt1800241/,https://www.imdb.com/es-es/name/nm0751102/
Década de 2010,2014,Nominee,David O. Russell,La gran estafa americana,guion,"7,2",https://www.imdb.com/title/tt1800241/,https://www.imdb.com/es-es/name/nm0751102/
Década de 2010,2014,Nominee,Paul Greengrass,Capitán Phillips,direccion,"7,8",https://www.imdb.com/title/tt1535109/,https://www.imdb.com/es-es/name/nm0339030/
Década de 2010,2014,Nominee,Alexander Payne,Nebraska,direccion,"7,7",https://www.imdb.com/title/tt1821549/,https://www.imdb.com/es-es/name/nm0668247/
Década de 2010,2013,Nominee,Kathryn Bigelow,La noche más oscura (Zero Dark Thirty),direccion,"7,4",https://www.imdb.com/title/tt1790885/,https://www.imdb.com/es-es/name/nm0000941/
Década de 2010,2013,Nominee,Kathryn Bigelow,La noche más oscura (Zero Dark Thirty),produccion,"7,4",https://www.imdb.com/title/tt1790885/,https://www.imdb.com/es-es/name/nm0000941/
Década de 2010,2013,Nominee,Ang Lee,La vida de Pi,direccion,"7,9",https://www.imdb.com/title/tt0454876/,https://www.imdb.com/es-es/name/nm0000487/
Década de 2010,2013,Nominee,Ang Lee,La vida de Pi,produccion,"7,9",https://www.imdb.com/title/tt0454876/,https://www.imdb.com/es-es/name/nm0000487/
Década de 2010,2013,Nominee,Steven Spielberg,Lincoln,direccion,"7,3",https://www.imdb.com/title/tt0443272/,https://www.imdb.com/es-es/name/nm0000229/
Década de 2010,2013,Nominee,Quentin Tarantino,Django desencadenado,guion,"8,5",https://www.imdb.com/title/tt1853728/,https://www.imdb.com/es-es/name/nm0000233/
Década de 2010,2013,Nominee,Quentin Tarantino,Django desencadenado,reparto,"8,5",https://www.imdb.com/title/tt1853728/,https://www.imdb.com/es-es/name/nm0000233/
Década de 2010,2012,Ganador,Martin Scorsese,La invención de Hugo,reparto,"7,5",https://www.imdb.com/title/tt0970179/,https://www.imdb.com/es-es/name/nm0000217/
Década de 2010,2012,Nominee,Woody Allen,Midnight in Paris,guion,"7,6",https://www.imdb.com/title/tt1605783/,https://www.imdb.com/es-es/name/nm0000095/
Década de 2010,2012,Nominee,Woody Allen,Midnight in Paris,direccion,"7,6",https://www.imdb.com/title/tt1605783/,https://www.imdb.com/es-es/name/nm0000095/
Década de 2010,2012,Nominee,George Clooney,Los idus de marzo,direccion,"7,1",https://www.imdb.com/title/tt1124035/,https://www.imdb.com/es-es/name/nm0000123/
Década de 2010,2012,Nominee,Michel Hazanavicius,The Artist,guion,"7,8",https://www.imdb.com/title/tt1655442/,https://www.imdb.com/es-es/name/nm0371890/
Década de 2010,2012,Nominee,Michel Hazanavicius,The Artist,direccion,"7,8",https://www.imdb.com/title/tt1655442/,https://www.imdb.com/es-es/name/nm0371890/
Década de 2010,2012,Nominee,Alexander Payne,Los descendientes,produccion,"7,3",https://www.imdb.com/title/tt1033575/,https://www.imdb.com/es-es/name/nm0668247/
Década de 2010,2012,Nominee,Alexander Payne,Los descendientes,direccion,"7,3",https://www.imdb.com/title/tt1033575/,https://www.imdb.com/es-es/name/nm0668247/
Década de 2010,2012,Nominee,Alexander Payne,Los descendientes,guion,"7,3",https://www.imdb.com/title/tt1033575/,https://www.imdb.com/es-es/name/nm0668247/
Década de 2010,2011,Ganador,David Fincher,La red social,direccion,"7,8",https://www.imdb.com/title/tt1285016/,https://www.imdb.com/es-es/name/nm0000399/
Década de 2010,2011,Nominee,Darren Aronofsky,Cisne negro,direccion,"8,0",https://www.imdb.com/title/tt0947798/,https://www.imdb.com/es-es/name/nm0004716/
Década de 2010,2011,Nominee,Tom Hooper,El discurso del rey,direccion,"8,0",https://www.imdb.com/title/tt1504320/,https://www.imdb.com/es-es/name/nm0393799/
Década de 2010,2011,Nominee,Christopher Nolan,Origen,guion,"8,8",https://www.imdb.com/title/tt1375666/,https://www.imdb.com/es-es/name/nm0634240/
Década de 2010,2011,Nominee,Christopher Nolan,Origen,produccion,"8,8",https://www.imdb.com/title/tt1375666/,https://www.imdb.com/es-es/name/nm0634240/
Década de 2010,2011,Nominee,Christopher Nolan,Origen,direccion,"8,8",https://www.imdb.com/title/tt1375666/,https://www.imdb.com/es-es/name/nm0634240/
Década de 2010,2011,Nominee,David O. Russell,The Fighter,direccion,"7,8",https://www.imdb.com/title/tt0964517/,https://www.imdb.com/es-es/name/nm0751102/
Década de 2010,2010,Ganador,James Cameron,Avatar,guion,"7,9",https://www.imdb.com/title/tt0499549/,https://www.imdb.com/es-es/name/nm0000116/
Década de 2010,2010,Ganador,James Cameron,Avatar,direccion,"7,9",https://www.imdb.com/title/tt0499549/,https://www.imdb.com/es-es/name/nm0000116/
Década de 2010,2010,Nominee,Quentin Tarantino,Malditos bastardos,guion,"8,4",https://www.imdb.com/title/tt0361748/,https://www.imdb.com/es-es/name/nm0000233/
Década de 2010,2010,Nominee,Quentin Tarantino,Malditos bastardos,reparto,"8,4",https://www.imdb.com/title/tt0361748/,https://www.imdb.com/es-es/name/nm0000233/
Década de 2010,2010,Nominee,Clint Eastwood,Invictus,produccion,"7,3",https://www.imdb.com/title/tt1057500/,https://www.imdb.com/es-es/name/nm0000142/
Década de 2010,2010,Nominee,Clint Eastwood,Invictus,direccion,"7,3",https://www.imdb.com/title/tt1057500/,https://www.imdb.com/es-es/name/nm0000142/
Década de 2010,2010,Nominee,Kathryn Bigelow,En tierra hostil,direccion,"7,5",https://www.imdb.com/title/tt0887912/,https://www.imdb.com/es-es/name/nm0000941/
Década de 2010,2010,Nominee,Kathryn Bigelow,En tierra hostil,produccion,"7,5",https://www.imdb.com/title/tt0887912/,https://www.imdb.com/es-es/name/nm0000941/
Década de 2010,2010,Nominee,Jason Reitman,Up in the Air (Amor sin escalas),direccion,"7,4",https://www.imdb.com/title/tt1193138/,https://www.imdb.com/es-es/name/nm0718646/
Década de 2010,2010,Nominee,Jason Reitman,Up in the Air (Amor sin escalas),guion,"7,4",https://www.imdb.com/title/tt1193138/,https://www.imdb.com/es-es/name/nm0718646/
Década de 2000,2009,Ganador,Danny Boyle,Slumdog Millionaire,direccion,"8,0",https://www.imdb.com/title/tt1010048/,https://www.imdb.com/es-es/name/nm0000965/
Década de 2000,2009,Nominee,David Fincher,El curioso caso de Benjamin Button,direccion,"7,8",https://www.imdb.com/title/tt0421715/,https://www.imdb.com/es-es/name/nm0000399/
Década de 2000,2009,Nominee,Stephen Daldry,The Reader (El lector),direccion,"7,6",https://www.imdb.com/title/tt0976051/,https://www.imdb.com/es-es/name/nm0197636/
Década de 2000,2009,Nominee,Sam Mendes,Revolutionary Road,direccion,"7,3",https://www.imdb.com/title/tt0959337/,https://www.imdb.com/es-es/name/nm0005222/
Década de 2000,2008,Ganador,Julian Schnabel,La escafandra y la mariposa,direccion,"8,0",https://www.imdb.com/title/tt0401383/,https://www.imdb.com/es-es/name/nm0773603/
Década de 2000,2008,Ganador,Julian Schnabel,La escafandra y la mariposa,musica,"8,0",https://www.imdb.com/title/tt0401383/,https://www.imdb.com/es-es/name/nm0773603/
Década de 2000,2008,Nominee,Ethan Coen,No es país para viejos,produccion,"8,2",https://www.imdb.com/title/tt0477348/,https://www.imdb.com/es-es/name/nm0001053/
Década de 2000,2008,Nominee,Ethan Coen,No es país para viejos,direccion,"8,2",https://www.imdb.com/title/tt0477348/,https://www.imdb.com/es-es/name/nm0001053/
Década de 2000,2007,Nominee,Alejandro G. Iñárritu,Babel,direccion,"7,5",https://www.imdb.com/title/tt0449467/,https://www.imdb.com/es-es/name/nm0327944/
Década de 2000,2007,Nominee,Alejandro G. Iñárritu,Babel,produccion,"7,5",https://www.imdb.com/title/tt0449467/,https://www.imdb.com/es-es/name/nm0327944/
Década de 2000,2007,Nominee,Alejandro G. Iñárritu,Babel,guion,"7,5",https://www.imdb.com/title/tt0449467/,https://www.imdb.com/es-es/name/nm0327944/
Década de 2000,2007,Nominee,Clint Eastwood,Banderas de nuestros padres,direccion,"7,1",https://www.imdb.com/title/tt0418689/,https://www.imdb.com/es-es/name/nm0000142/
Década de 2000,2007,Nominee,Clint Eastwood,Cartas desde Iwo Jima,direccion,"7,8",https://www.imdb.com/title/tt0498380/,https://www.imdb.com/es-es/name/nm0000142/
Década de 2000,2006,Ganador,Ang Lee,Brokeback Mountain. En terreno vedado,direccion,"7,7",https://www.imdb.com/title/tt0388795/,https://www.imdb.com/es-es/name/nm0000487/
Década de 2000,2006,Nominee,George Clooney,"Buenas noches, y buena suerte.",direccion,"7,4",https://www.imdb.com/title/tt0433383/,https://www.imdb.com/es-es/name/nm0000123/
Década de 2000,2006,Nominee,Peter Jackson,King Kong,produccion,"7,2",https://www.imdb.com/title/tt0360717/,https://www.imdb.com/es-es/name/nm0001392/
Década de 2000,2006,Nominee,Peter Jackson,King Kong,direccion,"7,2",https://www.imdb.com/title/tt0360717/,https://www.imdb.com/es-es/name/nm0001392/
Década de 2000,2006,Nominee,Peter Jackson,King Kong,guion,"7,2",https://www.imdb.com/title/tt0360717/,https://www.imdb.com/es-es/name/nm0001392/
Década de 2000,2006,Nominee,Steven Spielberg,Múnich,direccion,"7,5",https://www.imdb.com/title/tt0408306/,https://www.imdb.com/es-es/name/nm0000229/
Década de 2000,2005,Ganador,Clint Eastwood,Million Dollar Baby,reparto,"8,1",https://www.imdb.com/title/tt0405159/,https://www.imdb.com/es-es/name/nm0000142/
Década de 2000,2005,Nominee,Mike Nichols,Closer,direccion,"7,2",https://www.imdb.com/title/tt0376541/,https://www.imdb.com/es-es/name/nm0001566/
Década de 2000,2005,Nominee,Mike Nichols,Closer,produccion,"7,2",https://www.imdb.com/title/tt0376541/,https://www.imdb.com/es-es/name/nm0001566/
Década de 2000,2005,Nominee,Marc Forster,Descubriendo Nunca Jamás,direccion,"7,6",https://www.imdb.com/title/tt0308644/,https://www.imdb.com/es-es/name/nm0286975/
Década de 2000,2005,Nominee,Alexander Payne,Entre copas,direccion,"7,5",https://www.imdb.com/title/tt0375063/,https://www.imdb.com/es-es/name/nm0668247/
Década de 2000,2005,Nominee,Alexander Payne,Entre copas,guion,"7,5",https://www.imdb.com/title/tt0375063/,https://www.imdb.com/es-es/name/nm0668247/
Década de 2000,2004,Ganador,Peter Jackson,El señor de los anillos: El retorno del rey,guion,"9,0",https://www.imdb.com/title/tt0167260/,https://www.imdb.com/es-es/name/nm0001392/
Década de 2000,2004,Nominee,Anthony Minghella,Cold Mountain,guion,"7,2",https://www.imdb.com/title/tt0159365/,https://www.imdb.com/es-es/name/nm0005237/
Década de 2000,2004,Nominee,Sofia Coppola,Lost in Translation,guion,"7,7",https://www.imdb.com/title/tt0335266/,https://www.imdb.com/es-es/name/nm0001068/
Década de 2000,2004,Nominee,Peter Weir,Master and Commander: Al otro lado del mundo,direccion,"7,5",https://www.imdb.com/title/tt0311113/,https://www.imdb.com/es-es/name/nm0001837/
Década de 2000,2004,Nominee,Peter Weir,Master and Commander: Al otro lado del mundo,guion,"7,5",https://www.imdb.com/title/tt0311113/,https://www.imdb.com/es-es/name/nm0001837/
Década de 2000,2004,Nominee,Peter Weir,Master and Commander: Al otro lado del mundo,produccion,"7,5",https://www.imdb.com/title/tt0311113/,https://www.imdb.com/es-es/name/nm0001837/
Década de 2000,2003,Nominee,Alexander Payne,A propósito de Schmidt,direccion,"7,2",https://www.imdb.com/title/tt0257360/,https://www.imdb.com/es-es/name/nm0668247/
Década de 2000,2003,Nominee,Alexander Payne,A propósito de Schmidt,guion,"7,2",https://www.imdb.com/title/tt0257360/,https://www.imdb.com/es-es/name/nm0668247/
Década de 2000,2003,Nominee,Rob Marshall,Chicago,direccion,"7,2",https://www.imdb.com/title/tt0299658/,https://www.imdb.com/es-es/name/nm0551128/
Década de 2000,2003,Nominee,Rob Marshall,Chicago,equipos adicionales,"7,2",https://www.imdb.com/title/tt0299658/,https://www.imdb.com/es-es/name/nm0551128/
Década de 2000,2003,Nominee,Stephen Daldry,Las horas,direccion,"7,5",https://www.imdb.com/title/tt0274558/,https://www.imdb.com/es-es/name/nm0197636/
Década de 2000,2003,Nominee,Peter Jackson,El señor de los anillos: Las dos torres,guion,"8,8",https://www.imdb.com/title/tt0167261/,https://www.imdb.com/es-es/name/nm0001392/
Década de 2000,2002,Ganador,Robert Altman,Gosford Park,direccion,"7,2",https://www.imdb.com/title/tt0280707/,https://www.imdb.com/es-es/name/nm0000265/
Década de 2000,2002,Ganador,Robert Altman,Gosford Park,produccion,"7,2",https://www.imdb.com/title/tt0280707/,https://www.imdb.com/es-es/name/nm0000265/
Década de 2000,2002,Ganador,Robert Altman,Gosford Park,guion,"7,2",https://www.imdb.com/title/tt0280707/,https://www.imdb.com/es-es/name/nm0000265/
Década de 2000,2002,Nominee,Steven Spielberg,A. I. Inteligencia artificial,guion,"7,2",https://www.imdb.com/title/tt0212720/,https://www.imdb.com/es-es/name/nm0000229/
Década de 2000,2002,Nominee,Ron Howard,Una mente maravillosa,reparto,"8,2",https://www.imdb.com/title/tt0268978/,https://www.imdb.com/es-es/name/nm0000165/
Década de 2000,2002,Nominee,Baz Luhrmann,Moulin Rouge,guion,"7,6",https://www.imdb.com/title/tt0203009/,https://www.imdb.com/es-es/name/nm0525303/
Década de 2000,2002,Nominee,Baz Luhrmann,Moulin Rouge,produccion,"7,6",https://www.imdb.com/title/tt0203009/,https://www.imdb.com/es-es/name/nm0525303/
Década de 2000,2001,Ganador,Ang Lee,Tigre y dragón,direccion,"7,9",https://www.imdb.com/title/tt0190332/,https://www.imdb.com/es-es/name/nm0000487/
Década de 2000,2001,Ganador,Ang Lee,Tigre y dragón,produccion,"7,9",https://www.imdb.com/title/tt0190332/,https://www.imdb.com/es-es/name/nm0000487/
Década de 2000,2001,Nominee,István Szabó,Sunshine,direccion,"7,5",https://www.imdb.com/title/tt0145503/,https://www.imdb.com/es-es/name/nm0843640/
Década de 2000,2001,Nominee,István Szabó,Sunshine,guion,"7,5",https://www.imdb.com/title/tt0145503/,https://www.imdb.com/es-es/name/nm0843640/
Década de 2000,2000,Ganador,Sam Mendes,American Beauty,direccion,"8,3",https://www.imdb.com/title/tt0169547/,https://www.imdb.com/es-es/name/nm0005222/
Década de 2000,2000,Nominee,Norman Jewison,Huracán Carter,direccion,"7,6",https://www.imdb.com/title/tt0174856/,https://www.imdb.com/es-es/name/nm0422484/
Década de 2000,2000,Nominee,Norman Jewison,Huracán Carter,produccion,"7,6",https://www.imdb.com/title/tt0174856/,https://www.imdb.com/es-es/name/nm0422484/
Década de 2000,2000,Nominee,Neil Jordan,El fin del romance,guion,"7,0",https://www.imdb.com/title/tt0172396/,https://www.imdb.com/es-es/name/nm0001403/
Década de 2000,2000,Nominee,Neil Jordan,El fin del romance,produccion,"7,0",https://www.imdb.com/title/tt0172396/,https://www.imdb.com/es-es/name/nm0001403/
Década de 2000,2000,Nominee,Neil Jordan,El fin del romance,direccion,"7,0",https://www.imdb.com/title/tt0172396/,https://www.imdb.com/es-es/name/nm0001403/
Década de 2000,2000,Nominee,Michael Mann,El dilema (The Insider),guion,"7,8",https://www.imdb.com/title/tt0140352/,https://www.imdb.com/es-es/name/nm0000520/
Década de 2000,2000,Nominee,Michael Mann,El dilema (The Insider),direccion,"7,8",https://www.imdb.com/title/tt0140352/,https://www.imdb.com/es-es/name/nm0000520/
Década de 2000,2000,Nominee,Anthony Minghella,El talento de Mr. Ripley,guion,"7,4",https://www.imdb.com/title/tt0134119/,https://www.imdb.com/es-es/name/nm0005237/
Década de 1990,1999,Nominee,Shekhar Kapur,Elizabeth,direccion,"7,4",https://www.imdb.com/title/tt0127536/,https://www.imdb.com/es-es/name/nm0001408/
Década de 1990,1999,Nominee,John Madden,Shakespeare in Love (Shakespeare enamorado),direccion,"7,1",https://www.imdb.com/title/tt0138097/,https://www.imdb.com/es-es/name/nm0006960/
Década de 1990,1999,Nominee,Robert Redford,El hombre que susurraba a los caballos,direccion,"6,7",https://www.imdb.com/title/tt0119314/,https://www.imdb.com/es-es/name/nm0000602/
Década de 1990,1999,Nominee,Peter Weir,El show de Truman,direccion,"8,2",https://www.imdb.com/title/tt0120382/,https://www.imdb.com/es-es/name/nm0001837/
Década de 1990,1998,Ganador,James Cameron,Titanic,direccion,"7,9",https://www.imdb.com/title/tt0120338/,https://www.imdb.com/es-es/name/nm0000116/
Década de 1990,1998,Nominee,James L. Brooks,Mejor... imposible,guion,"7,7",https://www.imdb.com/title/tt0119822/,https://www.imdb.com/es-es/name/nm0000985/
Década de 1990,1998,Nominee,Curtis Hanson,L.A. Confidential,direccion,"8,2",https://www.imdb.com/title/tt0119488/,https://www.imdb.com/es-es/name/nm0000436/
Década de 1990,1998,Nominee,Curtis Hanson,L.A. Confidential,produccion,"8,2",https://www.imdb.com/title/tt0119488/,https://www.imdb.com/es-es/name/nm0000436/
Década de 1990,1998,Nominee,Curtis Hanson,L.A. Confidential,guion,"8,2",https://www.imdb.com/title/tt0119488/,https://www.imdb.com/es-es/name/nm0000436/
Década de 1990,1998,Nominee,Jim Sheridan,The Boxer,direccion,"7,0",https://www.imdb.com/title/tt0118760/,https://www.imdb.com/es-es/name/nm0006487/
Década de 1990,1998,Nominee,Jim Sheridan,The Boxer,guion,"7,0",https://www.imdb.com/title/tt0118760/,https://www.imdb.com/es-es/name/nm0006487/
Década de 1990,1997,Ganador,Milos Forman,El escándalo de Larry Flynt,direccion,"7,3",https://www.imdb.com/title/tt0117318/,https://www.imdb.com/es-es/name/nm0001232/
Década de 1990,1997,Nominee,Joel Coen,Fargo,produccion,"8,8",https://www.imdb.com/title/tt2802850/,https://www.imdb.com/es-es/name/nm0001054/
Década de 1990,1997,Nominee,Scott Hicks,Shine,direccion,"7,6",https://www.imdb.com/title/tt0117631/,https://www.imdb.com/es-es/name/nm0382956/
Década de 1990,1997,Nominee,Scott Hicks,Shine,guion,"7,6",https://www.imdb.com/title/tt0117631/,https://www.imdb.com/es-es/name/nm0382956/
Década de 1990,1997,Nominee,Anthony Minghella,El paciente inglés,guion,"7,4",https://www.imdb.com/title/tt0116209/,https://www.imdb.com/es-es/name/nm0005237/
Década de 1990,1997,Nominee,Alan Parker,Evita,direccion,"6,3",https://www.imdb.com/title/tt0116250/,https://www.imdb.com/es-es/name/nm0000570/
Década de 1990,1997,Nominee,Alan Parker,Evita,guion,"6,3",https://www.imdb.com/title/tt0116250/,https://www.imdb.com/es-es/name/nm0000570/
Década de 1990,1997,Nominee,Alan Parker,Evita,produccion,"6,3",https://www.imdb.com/title/tt0116250/,https://www.imdb.com/es-es/name/nm0000570/
Década de 1990,1996,Ganador,Mel Gibson,Braveheart,direccion,"8,3",https://www.imdb.com/title/tt0112573/,https://www.imdb.com/es-es/name/nm0000154/
Década de 1990,1996,Nominee,Mike Figgis,Leaving Las Vegas,composicion,"7,5",https://www.imdb.com/title/tt0113627/,https://www.imdb.com/es-es/name/nm0001214/
Década de 1990,1996,Nominee,Ang Lee,Sentido y sensibilidad,direccion,"7,7",https://www.imdb.com/title/tt0114388/,https://www.imdb.com/es-es/name/nm0000487/
Década de 1990,1995,Nominee,Robert Redford,Quiz Show (El dilema),direccion,"7,5",https://www.imdb.com/title/tt0110932/,https://www.imdb.com/es-es/name/nm0000602/
Década de 1990,1995,Nominee,Oliver Stone,Asesinos natos,guion,"7,2",https://www.imdb.com/title/tt0110632/,https://www.imdb.com/es-es/name/nm0000231/
Década de 1990,1995,Nominee,Edward Zwick,Leyendas de pasión,direccion,"7,5",https://www.imdb.com/title/tt0110322/,https://www.imdb.com/es-es/name/nm0001880/
Década de 1990,1994,Nominee,Jane Campion,El piano,guion,"7,5",https://www.imdb.com/title/tt0107822/,https://www.imdb.com/es-es/name/nm0001005/
Década de 1990,1994,Nominee,Jane Campion,El piano,direccion,"7,5",https://www.imdb.com/title/tt0107822/,https://www.imdb.com/es-es/name/nm0001005/
Década de 1990,1994,Nominee,Andrew Davis,El fugitivo,direccion,"7,8",https://www.imdb.com/title/tt0106977/,https://www.imdb.com/es-es/name/nm0001112/
Década de 1990,1994,Nominee,James Ivory,Lo que queda del día,direccion,"7,8",https://www.imdb.com/title/tt0107943/,https://www.imdb.com/es-es/name/nm0412465/
Década de 1990,1993,Ganador,Clint Eastwood,Sin perdón,reparto,"8,2",https://www.imdb.com/title/tt0105695/,https://www.imdb.com/es-es/name/nm0000142/
Década de 1990,1993,Nominee,Robert Altman,El juego de Hollywood (The Player),direccion,"7,5",https://www.imdb.com/title/tt0105151/,https://www.imdb.com/es-es/name/nm0000265/
Década de 1990,1993,Nominee,James Ivory,Regreso a Howards End,direccion,"7,4",https://www.imdb.com/title/tt0104454/,https://www.imdb.com/es-es/name/nm0412465/
Década de 1990,1993,Nominee,Robert Redford,El río de la vida,direccion,"7,2",https://www.imdb.com/title/tt0105265/,https://www.imdb.com/es-es/name/nm0000602/
Década de 1990,1992,Nominee,Terry Gilliam,El rey pescador,direccion,"7,5",https://www.imdb.com/title/tt0101889/,https://www.imdb.com/es-es/name/nm0000416/
Década de 1990,1991,Nominee,Bernardo Bertolucci,El cielo protector,guion,"6,7",https://www.imdb.com/title/tt0100594/,https://www.imdb.com/es-es/name/nm0000934/
Década de 1990,1991,Nominee,Bernardo Bertolucci,El cielo protector,direccion,"6,7",https://www.imdb.com/title/tt0100594/,https://www.imdb.com/es-es/name/nm0000934/
Década de 1990,1991,Nominee,Francis Ford Coppola,El padrino parte III,direccion,"7,6",https://www.imdb.com/title/tt0099674/,https://www.imdb.com/es-es/name/nm0000338/
Década de 1990,1991,Nominee,Francis Ford Coppola,El padrino parte III,guion,"7,6",https://www.imdb.com/title/tt0099674/,https://www.imdb.com/es-es/name/nm0000338/
Década de 1990,1991,Nominee,Barbet Schroeder,El misterio Von Bulow,direccion,"7,2",https://www.imdb.com/title/tt0100486/,https://www.imdb.com/es-es/name/nm0775447/
Década de 1990,1990,Nominee,Peter Weir,El club de los poetas muertos,direccion,"8,1",https://www.imdb.com/title/tt0097165/,https://www.imdb.com/es-es/name/nm0001837/
Década de 1980,1989,Nominee,Sidney Lumet,Un lugar en ninguna parte,direccion,"7,6",https://www.imdb.com/title/tt0096018/,https://www.imdb.com/es-es/name/nm0001486/
Década de 1980,1989,Nominee,Mike Nichols,Armas de mujer,direccion,"6,8",https://www.imdb.com/title/tt0096463/,https://www.imdb.com/es-es/name/nm0001566/
Década de 1980,1989,Nominee,Alan Parker,Arde Mississippi,direccion,"7,8",https://www.imdb.com/title/tt0095647/,https://www.imdb.com/es-es/name/nm0000570/
Década de 1980,1989,Nominee,Fred Schepisi,Un grito en la oscuridad,direccion,"6,9",https://www.imdb.com/title/tt0094924/,https://www.imdb.com/es-es/name/nm0770961/
Década de 1980,1989,Nominee,Fred Schepisi,Un grito en la oscuridad,guion,"6,9",https://www.imdb.com/title/tt0094924/,https://www.imdb.com/es-es/name/nm0770961/
Década de 1980,1988,Ganador,Bernardo Bertolucci,El último emperador,guion,"7,7",https://www.imdb.com/title/tt0093389/,https://www.imdb.com/es-es/name/nm0000934/
Década de 1980,1988,Ganador,Bernardo Bertolucci,El último emperador,direccion,"7,7",https://www.imdb.com/title/tt0093389/,https://www.imdb.com/es-es/name/nm0000934/
Década de 1980,1988,Nominee,Richard Attenborough,Grita libertad,produccion,"7,4",https://www.imdb.com/title/tt0092804/,https://www.imdb.com/es-es/name/nm0000277/
Década de 1980,1988,Nominee,Richard Attenborough,Grita libertad,direccion,"7,4",https://www.imdb.com/title/tt0092804/,https://www.imdb.com/es-es/name/nm0000277/
Década de 1980,1988,Nominee,John Boorman,Esperanza y gloria,produccion,"7,3",https://www.imdb.com/title/tt0093209/,https://www.imdb.com/es-es/name/nm0000958/
Década de 1980,1988,Nominee,John Boorman,Esperanza y gloria,guion,"7,3",https://www.imdb.com/title/tt0093209/,https://www.imdb.com/es-es/name/nm0000958/
Década de 1980,1988,Nominee,James L. Brooks,Al filo de la noticia,guion,"7,3",https://www.imdb.com/title/tt0092699/,https://www.imdb.com/es-es/name/nm0000985/
Década de 1980,1988,Nominee,Adrian Lyne,Atracción fatal,direccion,"6,9",https://www.imdb.com/title/tt0093010/,https://www.imdb.com/es-es/name/nm0001490/
Década de 1980,1987,Nominee,James Ivory,Una habitación con vistas,direccion,"7,2",https://www.imdb.com/title/tt0091867/,https://www.imdb.com/es-es/name/nm0412465/
Década de 1980,1986,Ganador,John Huston,El honor de los Prizzi,direccion,"6,7",https://www.imdb.com/title/tt0089841/,https://www.imdb.com/es-es/name/nm0001379/
Década de 1980,1986,Nominee,Richard Attenborough,A Chorus Line,direccion,"6,2",https://www.imdb.com/title/tt0088915/,https://www.imdb.com/es-es/name/nm0000277/
Década de 1980,1986,Nominee,Sydney Pollack,Memorias de África,direccion,"7,1",https://www.imdb.com/title/tt0089755/,https://www.imdb.com/es-es/name/nm0001628/
Década de 1980,1986,Nominee,Steven Spielberg,El color púrpura,produccion,"6,8",https://www.imdb.com/title/tt1200263/,https://www.imdb.com/es-es/name/nm0000229/
Década de 1980,1986,Nominee,Peter Weir,Único testigo,direccion,"7,4",https://www.imdb.com/title/tt0090329/,https://www.imdb.com/es-es/name/nm0001837/
Década de 1980,1985,Ganador,Milos Forman,Amadeus,direccion,"8,4",https://www.imdb.com/title/tt0086879/,https://www.imdb.com/es-es/name/nm0001232/
Década de 1980,1985,Nominee,Francis Ford Coppola,Cotton Club,guion,"6,6",https://www.imdb.com/title/tt0087089/,https://www.imdb.com/es-es/name/nm0000338/
Década de 1980,1985,Nominee,David Lean,Pasaje a la India,direccion,"7,3",https://www.imdb.com/title/tt0087892/,https://www.imdb.com/es-es/name/nm0000180/
Década de 1980,1985,Nominee,David Lean,Pasaje a la India,guion,"7,3",https://www.imdb.com/title/tt0087892/,https://www.imdb.com/es-es/name/nm0000180/
Década de 1980,1985,Nominee,David Lean,Pasaje a la India,edicion,"7,3",https://www.imdb.com/title/tt0087892/,https://www.imdb.com/es-es/name/nm0000180/
Década de 1980,1985,Nominee,Sergio Leone,Érase una vez en América,guion,"8,3",https://www.imdb.com/title/tt0087843/,https://www.imdb.com/es-es/name/nm0001466/
Década de 1980,1985,Nominee,Sergio Leone,Érase una vez en América,direccion,"8,3",https://www.imdb.com/title/tt0087843/,https://www.imdb.com/es-es/name/nm0001466/
Década de 1980,1984,Nominee,Mike Nichols,Silkwood,direccion,"7,1",https://www.imdb.com/title/tt0086312/,https://www.imdb.com/es-es/name/nm0001566/
Década de 1980,1984,Nominee,Mike Nichols,Silkwood,produccion,"7,1",https://www.imdb.com/title/tt0086312/,https://www.imdb.com/es-es/name/nm0001566/
Década de 1980,1984,Nominee,Peter Yates,La sombra del actor,direccion,"7,5",https://www.imdb.com/title/tt0085461/,https://www.imdb.com/es-es/name/nm0946811/
Década de 1980,1984,Nominee,Peter Yates,La sombra del actor,produccion,"7,5",https://www.imdb.com/title/tt0085461/,https://www.imdb.com/es-es/name/nm0946811/
Década de 1980,1983,Ganador,Richard Attenborough,Gandhi,produccion,"8,0",https://www.imdb.com/title/tt0083987/,https://www.imdb.com/es-es/name/nm0000277/
Década de 1980,1983,Ganador,Richard Attenborough,Gandhi,direccion,"8,0",https://www.imdb.com/title/tt0083987/,https://www.imdb.com/es-es/name/nm0000277/
Década de 1980,1983,Nominee,Sydney Pollack,Tootsie,direccion,"7,4",https://www.imdb.com/title/tt0084805/,https://www.imdb.com/es-es/name/nm0001628/
Década de 1980,1982,Ganador,Warren Beatty,Rojos,reparto,"7,3",https://www.imdb.com/title/tt0082979/,https://www.imdb.com/es-es/name/nm0000886/
Década de 1980,1982,Ganador,Warren Beatty,Rojos,produccion,"7,3",https://www.imdb.com/title/tt0082979/,https://www.imdb.com/es-es/name/nm0000886/
Década de 1980,1982,Ganador,Warren Beatty,Rojos,guion,"7,3",https://www.imdb.com/title/tt0082979/,https://www.imdb.com/es-es/name/nm0000886/
Década de 1980,1982,Nominee,Milos Forman,Ragtime,direccion,"7,3",https://www.imdb.com/title/tt0082970/,https://www.imdb.com/es-es/name/nm0001232/
Década de 1980,1982,Nominee,Sidney Lumet,El príncipe de la ciudad,guion,"7,4",https://www.imdb.com/title/tt0082945/,https://www.imdb.com/es-es/name/nm0001486/
Década de 1980,1982,Nominee,Louis Malle,Atlantic City,direccion,"7,3",https://www.imdb.com/title/tt0080388/,https://www.imdb.com/es-es/name/nm0001501/
Década de 1980,1982,Nominee,Mark Rydell,En el estanque dorado,direccion,"7,6",https://www.imdb.com/title/tt0082846/,https://www.imdb.com/es-es/name/nm0041932/
Década de 1980,1981,Ganador,Robert Redford,Gente corriente,direccion,"7,7",https://www.imdb.com/title/tt0081283/,https://www.imdb.com/es-es/name/nm0000602/
Década de 1980,1981,Nominee,Roman Polanski,Tess,guion,"7,3",https://www.imdb.com/title/tt0080009/,https://www.imdb.com/es-es/name/nm0000591/
Década de 1980,1981,Nominee,Richard Rush,Profesión: El especialista,direccion,"7,0",https://www.imdb.com/title/tt0081568/,https://www.imdb.com/es-es/name/nm0750701/
Década de 1980,1981,Nominee,Richard Rush,Profesión: El especialista,guion,"7,0",https://www.imdb.com/title/tt0081568/,https://www.imdb.com/es-es/name/nm0750701/
Década de 1980,1981,Nominee,Richard Rush,Profesión: El especialista,produccion,"7,0",https://www.imdb.com/title/tt0081568/,https://www.imdb.com/es-es/name/nm0750701/
Década de 1980,1980,Ganador,Francis Ford Coppola,Apocalypse Now,guion,"8,4",https://www.imdb.com/title/tt0078788/,https://www.imdb.com/es-es/name/nm0000338/
Década de 1980,1980,Nominee,Hal Ashby,Bienvenido Mr. Chance,direccion,"7,9",https://www.imdb.com/title/tt0078841/,https://www.imdb.com/es-es/name/nm0000797/
Década de 1980,1980,Nominee,Hal Ashby,Bienvenido Mr. Chance,reparto,"7,9",https://www.imdb.com/title/tt0078841/,https://www.imdb.com/es-es/name/nm0000797/
Década de 1980,1980,Nominee,Robert Benton,Kramer contra Kramer,guion,"7,8",https://www.imdb.com/title/tt0079417/,https://www.imdb.com/es-es/name/nm0000914/
Década de 1980,1980,Nominee,Robert Benton,Kramer contra Kramer,direccion,"7,8",https://www.imdb.com/title/tt0079417/,https://www.imdb.com/es-es/name/nm0000914/
Década de 1980,1980,Nominee,James Bridges,El síndrome de China,guion,"7,4",https://www.imdb.com/title/tt0078966/,https://www.imdb.com/es-es/name/nm0108745/
Década de 1980,1980,Nominee,James Bridges,El síndrome de China,direccion,"7,4",https://www.imdb.com/title/tt0078966/,https://www.imdb.com/es-es/name/nm0108745/
Década de 1980,1980,Nominee,Peter Yates,El relevo,direccion,"7,7",https://www.imdb.com/title/tt0078902/,https://www.imdb.com/es-es/name/nm0946811/
Década de 1980,1980,Nominee,Peter Yates,El relevo,produccion,"7,7",https://www.imdb.com/title/tt0078902/,https://www.imdb.com/es-es/name/nm0946811/
